INSERT INTO products(name, price, color, width)
    VALUES ('Efficient Jogger 8', 118.67, ARRAY['orange', 'blue']::shoe_color[], ARRAY['wide', 'medium']::shoe_width[]),
('Intelligent Sprinter 4', 85.44, ARRAY['yellow', 'orange']::shoe_color[], ARRAY['medium', 'wide']::shoe_width[]),
('Efficient Strider 7', 106.11, ARRAY['red', 'pink']::shoe_color[], ARRAY['wide', 'narrow']::shoe_width[]),
('Advanced Wave 6', 92.97, ARRAY['grey', 'purple']::shoe_color[], ARRAY['narrow', 'wide']::shoe_width[]),
('Intelligent Wave 9', 144.34, ARRAY['pink', 'black']::shoe_color[], ARRAY['narrow', 'medium']::shoe_width[]),
('Advanced Wave 8', 63.02, ARRAY['red', 'orange']::shoe_color[], ARRAY['wide', 'medium']::shoe_width[]),
('Efficient Racer 5', 143.09, ARRAY['pink', 'white']::shoe_color[], ARRAY['medium', 'wide']::shoe_width[]),
('Efficient Cloud 4', 74.37, ARRAY['red', 'purple']::shoe_color[], ARRAY['wide', 'narrow']::shoe_width[]),
('Ergonomic Cloud 2', 84.35, ARRAY['blue', 'yellow']::shoe_color[], ARRAY['narrow', 'wide']::shoe_width[]),
('Efficient Cloud 5', 86.62, ARRAY['black', 'blue']::shoe_color[], ARRAY['narrow', 'wide']::shoe_width[]),
('Efficient Strider 3', 95.73, ARRAY['black', 'red']::shoe_color[], ARRAY['narrow', 'medium']::shoe_width[]),
('Portable Sprinter 6', 134.95, ARRAY['pink', 'orange']::shoe_color[], ARRAY['narrow', 'wide']::shoe_width[]),
('Intelligent Runner 6', 68.74, ARRAY['white', 'red']::shoe_color[], ARRAY['medium', 'wide']::shoe_width[]),
('Intelligent Strider 4', 144.65, ARRAY['purple', 'white']::shoe_color[], ARRAY['wide', 'narrow']::shoe_width[]),
('Portable Runner 6', 69.97, ARRAY['grey', 'pink']::shoe_color[], ARRAY['narrow', 'wide']::shoe_width[]),
('Intelligent Jogger 4', 93.0, ARRAY['purple', 'white']::shoe_color[], ARRAY['wide', 'narrow']::shoe_width[]),
('Efficient Jogger 8', 143.63, ARRAY['blue', 'yellow']::shoe_color[], ARRAY['wide', 'narrow']::shoe_width[]),
('Intelligent Cloud 1', 113.01, ARRAY['purple', 'black']::shoe_color[], ARRAY['wide', 'medium']::shoe_width[]),
('Portable Cloud 9', 79.05, ARRAY['red', 'grey']::shoe_color[], ARRAY['medium', 'narrow']::shoe_width[]),
('Advanced Jogger 1', 105.01, ARRAY['white', 'red']::shoe_color[], ARRAY['narrow', 'wide']::shoe_width[]),
('Portable Racer 6', 84.77, ARRAY['orange', 'purple']::shoe_color[], ARRAY['wide', 'narrow']::shoe_width[]),
('Advanced Racer 6', 143.09, ARRAY['grey', 'white']::shoe_color[], ARRAY['medium', 'wide']::shoe_width[]),
('Portable Jogger 1', 96.66, ARRAY['orange', 'green']::shoe_color[], ARRAY['medium', 'wide']::shoe_width[]),
('Efficient Sprinter 4', 51.85, ARRAY['red', 'pink']::shoe_color[], ARRAY['medium', 'wide']::shoe_width[]),
('Efficient Cloud 9', 97.09, ARRAY['pink', 'grey']::shoe_color[], ARRAY['narrow', 'wide']::shoe_width[]),
('Portable Wave 6', 75.79, ARRAY['purple', 'yellow']::shoe_color[], ARRAY['wide', 'narrow']::shoe_width[]),
('Advanced Jogger 8', 65.53, ARRAY['red', 'blue']::shoe_color[], ARRAY['wide', 'narrow']::shoe_width[]),
('Portable Racer 9', 60.34, ARRAY['yellow', 'pink']::shoe_color[], ARRAY['narrow', 'wide']::shoe_width[]),
('Efficient Strider 2', 102.89, ARRAY['red', 'green']::shoe_color[], ARRAY['medium', 'wide']::shoe_width[]),
('Efficient Cloud 6', 131.39, ARRAY['grey', 'red']::shoe_color[], ARRAY['narrow', 'medium']::shoe_width[]),
('Efficient Wave 2', 57.23, ARRAY['green', 'orange']::shoe_color[], ARRAY['narrow', 'wide']::shoe_width[]),
('Efficient Wave 9', 62.1, ARRAY['black', 'red']::shoe_color[], ARRAY['wide', 'narrow']::shoe_width[]),
('Portable Strider 9', 138.42, ARRAY['yellow', 'grey']::shoe_color[], ARRAY['wide', 'narrow']::shoe_width[]),
('Efficient Cloud 6', 134.88, ARRAY['grey', 'pink']::shoe_color[], ARRAY['medium', 'wide']::shoe_width[]),
('Portable Jogger 4', 79.07, ARRAY['pink', 'orange']::shoe_color[], ARRAY['wide', 'medium']::shoe_width[]),
('Advanced Racer 3', 107.21, ARRAY['green', 'yellow']::shoe_color[], ARRAY['wide', 'medium']::shoe_width[]),
('Ergonomic Jogger 9', 55.47, ARRAY['purple', 'blue']::shoe_color[], ARRAY['narrow', 'medium']::shoe_width[]),
('Efficient Jogger 1', 110.08, ARRAY['yellow', 'blue']::shoe_color[], ARRAY['narrow', 'wide']::shoe_width[]),
('Efficient Runner 3', 64.07, ARRAY['purple', 'green']::shoe_color[], ARRAY['narrow', 'medium']::shoe_width[]),
('Advanced Runner 3', 82.85, ARRAY['purple', 'black']::shoe_color[], ARRAY['medium', 'narrow']::shoe_width[]),
('Advanced Strider 10', 126.21, ARRAY['green', 'grey']::shoe_color[], ARRAY['medium', 'wide']::shoe_width[]),
('Ergonomic Runner 4', 119.39, ARRAY['pink', 'grey']::shoe_color[], ARRAY['wide', 'narrow']::shoe_width[]),
('Ergonomic Sprinter 2', 95.17, ARRAY['purple', 'grey']::shoe_color[], ARRAY['wide', 'narrow']::shoe_width[]),
('Portable Sprinter 6', 109.06, ARRAY['blue', 'white']::shoe_color[], ARRAY['wide', 'narrow']::shoe_width[]),
('Ergonomic Cloud 9', 129.54, ARRAY['yellow', 'green']::shoe_color[], ARRAY['wide', 'narrow']::shoe_width[]),
('Ergonomic Cloud 10', 61.69, ARRAY['red', 'black']::shoe_color[], ARRAY['narrow', 'wide']::shoe_width[]),
('Intelligent Jogger 1', 93.98, ARRAY['white', 'grey']::shoe_color[], ARRAY['medium', 'wide']::shoe_width[]),
('Ergonomic Cloud 3', 96.61, ARRAY['purple', 'pink']::shoe_color[], ARRAY['medium', 'wide']::shoe_width[]),
('Ergonomic Sprinter 1', 137.68, ARRAY['blue', 'grey']::shoe_color[], ARRAY['medium', 'wide']::shoe_width[]),
('Ergonomic Racer 8', 73.43, ARRAY['red', 'pink']::shoe_color[], ARRAY['wide', 'narrow']::shoe_width[]),
('Efficient Runner 10', 96.59, ARRAY['black', 'green']::shoe_color[], ARRAY['wide', 'medium']::shoe_width[]),
('Efficient Runner 8', 50.7, ARRAY['grey', 'white']::shoe_color[], ARRAY['medium', 'wide']::shoe_width[]),
('Ergonomic Cloud 2', 50.52, ARRAY['blue', 'orange']::shoe_color[], ARRAY['narrow', 'medium']::shoe_width[]),
('Advanced Strider 6', 76.53, ARRAY['purple', 'grey']::shoe_color[], ARRAY['narrow', 'medium']::shoe_width[]),
('Advanced Sprinter 2', 86.12, ARRAY['yellow', 'purple']::shoe_color[], ARRAY['medium', 'wide']::shoe_width[]),
('Intelligent Cloud 9', 85.24, ARRAY['pink', 'black']::shoe_color[], ARRAY['narrow', 'medium']::shoe_width[]),
('Advanced Cloud 5', 82.9, ARRAY['pink', 'grey']::shoe_color[], ARRAY['wide', 'medium']::shoe_width[]),
('Efficient Sprinter 7', 120.32, ARRAY['purple', 'pink']::shoe_color[], ARRAY['medium', 'wide']::shoe_width[]),
('Intelligent Jogger 5', 57.65, ARRAY['black', 'green']::shoe_color[], ARRAY['medium', 'wide']::shoe_width[]),
('Portable Racer 2', 136.59, ARRAY['blue', 'yellow']::shoe_color[], ARRAY['narrow', 'wide']::shoe_width[]),
('Portable Wave 8', 70.58, ARRAY['red', 'blue']::shoe_color[], ARRAY['narrow', 'wide']::shoe_width[]),
('Ergonomic Racer 1', 127.6, ARRAY['yellow', 'black']::shoe_color[], ARRAY['wide', 'medium']::shoe_width[]),
('Intelligent Runner 9', 54.75, ARRAY['orange', 'black']::shoe_color[], ARRAY['wide', 'medium']::shoe_width[]),
('Ergonomic Jogger 8', 90.11, ARRAY['blue', 'pink']::shoe_color[], ARRAY['narrow', 'wide']::shoe_width[]),
('Intelligent Strider 9', 75.12, ARRAY['white', 'yellow']::shoe_color[], ARRAY['wide', 'medium']::shoe_width[]),
('Portable Runner 6', 61.65, ARRAY['white', 'grey']::shoe_color[], ARRAY['narrow', 'medium']::shoe_width[]),
('Portable Runner 6', 147.96, ARRAY['blue', 'red']::shoe_color[], ARRAY['medium', 'narrow']::shoe_width[]),
('Portable Cloud 7', 125.27, ARRAY['red', 'green']::shoe_color[], ARRAY['wide', 'medium']::shoe_width[]),
('Advanced Jogger 10', 71.96, ARRAY['yellow', 'grey']::shoe_color[], ARRAY['wide', 'medium']::shoe_width[]),
('Efficient Jogger 2', 144.05, ARRAY['green', 'pink']::shoe_color[], ARRAY['narrow', 'medium']::shoe_width[]),
('Ergonomic Sprinter 4', 85.29, ARRAY['pink', 'white']::shoe_color[], ARRAY['wide', 'narrow']::shoe_width[]),
('Ergonomic Runner 3', 98.25, ARRAY['white', 'purple']::shoe_color[], ARRAY['wide', 'narrow']::shoe_width[]),
('Ergonomic Jogger 8', 90.54, ARRAY['yellow', 'green']::shoe_color[], ARRAY['medium', 'wide']::shoe_width[]),
('Advanced Runner 2', 82.58, ARRAY['grey', 'yellow']::shoe_color[], ARRAY['wide', 'medium']::shoe_width[]),
('Portable Wave 4', 146.74, ARRAY['white', 'orange']::shoe_color[], ARRAY['wide', 'medium']::shoe_width[]),
('Advanced Cloud 1', 99.54, ARRAY['purple', 'white']::shoe_color[], ARRAY['narrow', 'medium']::shoe_width[]),
('Efficient Wave 6', 53.36, ARRAY['black', 'orange']::shoe_color[], ARRAY['wide', 'medium']::shoe_width[]),
('Advanced Sprinter 10', 126.48, ARRAY['blue', 'orange']::shoe_color[], ARRAY['wide', 'narrow']::shoe_width[]),
('Ergonomic Wave 6', 137.21, ARRAY['red', 'green']::shoe_color[], ARRAY['wide', 'narrow']::shoe_width[]),
('Portable Runner 10', 137.45, ARRAY['blue', 'red']::shoe_color[], ARRAY['medium', 'wide']::shoe_width[]),
('Intelligent Wave 7', 140.96, ARRAY['green', 'red']::shoe_color[], ARRAY['wide', 'medium']::shoe_width[]),
('Portable Sprinter 9', 53.07, ARRAY['grey', 'pink']::shoe_color[], ARRAY['wide', 'medium']::shoe_width[]),
('Portable Runner 3', 135.83, ARRAY['pink', 'purple']::shoe_color[], ARRAY['wide', 'medium']::shoe_width[]),
('Ergonomic Racer 6', 81.79, ARRAY['green', 'white']::shoe_color[], ARRAY['wide', 'narrow']::shoe_width[]),
('Ergonomic Strider 6', 117.18, ARRAY['purple', 'black']::shoe_color[], ARRAY['narrow', 'wide']::shoe_width[]),
('Intelligent Cloud 10', 118.43, ARRAY['blue', 'purple']::shoe_color[], ARRAY['medium', 'narrow']::shoe_width[]),
('Portable Cloud 5', 56.54, ARRAY['orange', 'yellow']::shoe_color[], ARRAY['medium', 'narrow']::shoe_width[]),
('Efficient Runner 1', 140.14, ARRAY['red', 'blue']::shoe_color[], ARRAY['wide', 'narrow']::shoe_width[]),
('Advanced Jogger 2', 121.86, ARRAY['purple', 'yellow']::shoe_color[], ARRAY['medium', 'narrow']::shoe_width[]),
('Ergonomic Racer 10', 56.8, ARRAY['black', 'orange']::shoe_color[], ARRAY['medium', 'wide']::shoe_width[]),
('Portable Wave 10', 70.07, ARRAY['black', 'red']::shoe_color[], ARRAY['wide', 'narrow']::shoe_width[]),
('Ergonomic Sprinter 4', 126.05, ARRAY['green', 'orange']::shoe_color[], ARRAY['narrow', 'wide']::shoe_width[]),
('Ergonomic Sprinter 3', 147.84, ARRAY['purple', 'red']::shoe_color[], ARRAY['medium', 'wide']::shoe_width[]),
('Intelligent Runner 1', 77.39, ARRAY['yellow', 'pink']::shoe_color[], ARRAY['narrow', 'medium']::shoe_width[]),
('Intelligent Sprinter 8', 104.0, ARRAY['purple', 'blue']::shoe_color[], ARRAY['wide', 'narrow']::shoe_width[]),
('Advanced Wave 9', 82.84, ARRAY['grey', 'green']::shoe_color[], ARRAY['medium', 'wide']::shoe_width[]),
('Ergonomic Racer 7', 93.93, ARRAY['black', 'grey']::shoe_color[], ARRAY['medium', 'narrow']::shoe_width[]),
('Ergonomic Runner 8', 60.92, ARRAY['grey', 'orange']::shoe_color[], ARRAY['narrow', 'wide']::shoe_width[]),
('Ergonomic Strider 8', 133.03, ARRAY['yellow', 'red']::shoe_color[], ARRAY['narrow', 'wide']::shoe_width[]),
('Advanced Strider 3', 114.83, ARRAY['grey', 'green']::shoe_color[], ARRAY['wide', 'narrow']::shoe_width[]);

INSERT INTO users(username, email)
    VALUES ('user1', 'user1@example.com'),
('user2', 'user2@example.com'),
('user3', 'user3@example.com'),
('user4', 'user4@example.com'),
('user5', 'user5@example.com'),
('user6', 'user6@example.com'),
('user7', 'user7@example.com'),
('user8', 'user8@example.com'),
('user9', 'user9@example.com'),
('user10', 'user10@example.com'),
('user11', 'user11@example.com'),
('user12', 'user12@example.com'),
('user13', 'user13@example.com'),
('user14', 'user14@example.com'),
('user15', 'user15@example.com'),
('user16', 'user16@example.com'),
('user17', 'user17@example.com'),
('user18', 'user18@example.com'),
('user19', 'user19@example.com'),
('user20', 'user20@example.com'),
('user21', 'user21@example.com'),
('user22', 'user22@example.com'),
('user23', 'user23@example.com'),
('user24', 'user24@example.com'),
('user25', 'user25@example.com'),
('user26', 'user26@example.com'),
('user27', 'user27@example.com'),
('user28', 'user28@example.com'),
('user29', 'user29@example.com'),
('user30', 'user30@example.com'),
('user31', 'user31@example.com'),
('user32', 'user32@example.com'),
('user33', 'user33@example.com'),
('user34', 'user34@example.com'),
('user35', 'user35@example.com'),
('user36', 'user36@example.com'),
('user37', 'user37@example.com'),
('user38', 'user38@example.com'),
('user39', 'user39@example.com'),
('user40', 'user40@example.com'),
('user41', 'user41@example.com'),
('user42', 'user42@example.com'),
('user43', 'user43@example.com'),
('user44', 'user44@example.com'),
('user45', 'user45@example.com'),
('user46', 'user46@example.com'),
('user47', 'user47@example.com'),
('user48', 'user48@example.com'),
('user49', 'user49@example.com'),
('user50', 'user50@example.com');

INSERT INTO purchases(user_id, product_id, quantity, total_price)
    VALUES (6, 45, 1, 130.76),
(43, 53, 1, 104.67),
(4, 1, 1, 81.82),
(2, 49, 1, 96.63),
(14, 61, 1, 149.06),
(38, 89, 1, 68.46),
(20, 3, 1, 114.62),
(1, 69, 1, 70.64),
(18, 68, 1, 143.85),
(3, 73, 1, 128.77),
(6, 5, 1, 137.04),
(38, 97, 1, 109.75),
(40, 36, 1, 147.26),
(48, 23, 1, 109.41),
(21, 40, 1, 96.29),
(16, 49, 1, 138.57),
(40, 41, 1, 62.23),
(27, 69, 1, 149.32),
(24, 92, 1, 120.87),
(23, 73, 1, 60.36),
(23, 32, 1, 76.91),
(48, 19, 1, 143.84),
(4, 68, 1, 60.61),
(9, 79, 1, 72.22),
(49, 76, 1, 121.18),
(3, 45, 1, 129.72),
(36, 33, 1, 143.07),
(37, 96, 1, 108.75),
(31, 33, 1, 85.13),
(30, 63, 1, 90.34),
(38, 67, 1, 99.77),
(9, 61, 1, 128.03),
(46, 50, 1, 117.27),
(46, 87, 1, 63.06),
(6, 43, 1, 105.88),
(19, 76, 1, 114.8),
(23, 43, 1, 71.44),
(5, 11, 1, 117.44),
(49, 68, 1, 148.06),
(50, 79, 1, 55.93),
(1, 79, 1, 89.07),
(18, 79, 1, 107.46),
(44, 54, 1, 135.86),
(2, 92, 1, 107.18),
(6, 73, 1, 145.17),
(6, 42, 1, 55.24),
(36, 89, 1, 143.21),
(40, 15, 1, 52.96),
(17, 12, 1, 133.89),
(37, 94, 1, 86.3),
(41, 40, 1, 104.67),
(4, 46, 1, 77.65),
(2, 19, 1, 146.38),
(1, 15, 1, 76.92),
(42, 80, 1, 149.81),
(36, 81, 1, 138.4),
(22, 93, 1, 61.66),
(2, 31, 1, 139.17),
(42, 80, 1, 126.16),
(46, 55, 1, 69.17),
(4, 14, 1, 51.67),
(25, 32, 1, 58.07),
(37, 99, 1, 105.28),
(5, 57, 1, 93.41),
(19, 97, 1, 86.88),
(41, 79, 1, 102.78),
(12, 22, 1, 108.46),
(27, 19, 1, 105.84),
(26, 47, 1, 96.17),
(5, 50, 1, 91.62),
(17, 82, 1, 111.28),
(20, 14, 1, 62.54),
(19, 92, 1, 82.2),
(25, 12, 1, 62.04),
(21, 8, 1, 60.84),
(36, 83, 1, 57.0),
(11, 96, 1, 62.7),
(43, 48, 1, 52.86),
(35, 11, 1, 74.51),
(8, 1, 1, 54.01),
(42, 73, 1, 113.28),
(50, 72, 1, 121.5),
(49, 72, 1, 131.85),
(44, 62, 1, 62.25),
(42, 86, 1, 78.25),
(44, 72, 1, 105.48),
(19, 46, 1, 141.67),
(34, 51, 1, 50.9),
(50, 35, 1, 127.47),
(24, 26, 1, 94.96),
(33, 4, 1, 131.63),
(22, 100, 1, 64.25),
(37, 33, 1, 127.58),
(10, 91, 1, 96.07),
(38, 60, 1, 111.06),
(10, 26, 1, 70.02),
(23, 97, 1, 102.53),
(13, 37, 1, 131.01),
(27, 98, 1, 100.18),
(46, 15, 1, 144.34),
(7, 80, 1, 74.49),
(22, 34, 1, 92.91),
(10, 31, 1, 132.97),
(18, 20, 1, 126.24),
(45, 93, 1, 146.78),
(22, 29, 1, 148.46),
(31, 97, 1, 96.68),
(34, 53, 1, 75.73),
(23, 11, 1, 92.93),
(33, 4, 1, 116.1),
(38, 14, 1, 89.8),
(47, 65, 1, 149.31),
(20, 77, 1, 123.05),
(43, 17, 1, 134.55),
(35, 38, 1, 96.94),
(44, 47, 1, 131.33),
(10, 35, 1, 142.68),
(8, 91, 1, 85.11),
(22, 18, 1, 51.63),
(16, 87, 1, 66.27),
(36, 64, 1, 135.67),
(27, 69, 1, 117.52),
(24, 1, 1, 149.47),
(46, 81, 1, 64.52),
(29, 29, 1, 83.4),
(43, 54, 1, 79.23),
(11, 89, 1, 143.62),
(15, 65, 1, 79.83),
(34, 50, 1, 141.74),
(48, 52, 1, 101.21),
(11, 12, 1, 84.62),
(11, 18, 1, 66.09),
(16, 46, 1, 105.03),
(13, 34, 1, 149.91),
(46, 23, 1, 141.87),
(18, 62, 1, 136.19),
(15, 36, 1, 115.05),
(34, 24, 1, 95.6),
(13, 35, 1, 88.52),
(24, 40, 1, 50.71),
(30, 5, 1, 58.2),
(38, 29, 1, 74.14),
(49, 98, 1, 50.21),
(28, 36, 1, 55.44),
(12, 66, 1, 138.57),
(18, 76, 1, 51.91),
(12, 7, 1, 63.14),
(29, 11, 1, 106.87),
(6, 55, 1, 66.93),
(15, 19, 1, 50.42),
(37, 11, 1, 126.45),
(10, 59, 1, 55.27),
(37, 35, 1, 72.19),
(43, 84, 1, 135.42),
(44, 83, 1, 125.76),
(41, 8, 1, 90.35),
(46, 41, 1, 75.82),
(31, 37, 1, 112.28),
(41, 32, 1, 113.32),
(48, 18, 1, 132.76),
(48, 86, 1, 55.99),
(24, 85, 1, 130.7),
(4, 36, 1, 81.17),
(40, 59, 1, 125.66),
(3, 51, 1, 55.89),
(44, 90, 1, 126.92),
(15, 85, 1, 146.26),
(27, 27, 1, 137.68),
(11, 80, 1, 109.58),
(1, 8, 1, 102.16),
(11, 91, 1, 87.56),
(36, 41, 1, 66.95),
(19, 19, 1, 54.77),
(21, 95, 1, 66.01),
(25, 23, 1, 75.71),
(42, 1, 1, 99.96),
(35, 5, 1, 90.76),
(21, 32, 1, 117.9),
(21, 77, 1, 142.43),
(31, 59, 1, 122.43),
(21, 44, 1, 95.07),
(34, 89, 1, 59.69),
(38, 78, 1, 55.03),
(9, 82, 1, 81.69),
(25, 48, 1, 54.32),
(45, 68, 1, 73.88),
(13, 5, 1, 138.03),
(49, 51, 1, 58.64),
(10, 1, 1, 73.7),
(27, 71, 1, 127.96),
(47, 87, 1, 75.31),
(42, 35, 1, 71.82),
(19, 31, 1, 99.4),
(14, 28, 1, 92.98),
(43, 4, 1, 141.89),
(22, 3, 1, 68.49),
(9, 93, 1, 100.35),
(24, 30, 1, 77.23),
(41, 6, 1, 50.76),
(12, 57, 1, 81.63);

INSERT INTO product_inventory(product_id, size, color, width, quantity)
    VALUES (1, 9, 'orange', 'wide', 136),
(2, 14, 'yellow', 'medium', 20),
(3, 7, 'pink', 'narrow', 70),
(4, 6, 'purple', 'wide', 47),
(5, 15, 'pink', 'medium', 68),
(6, 14, 'red', 'wide', 27),
(7, 12, 'white', 'wide', 188),
(8, 13, 'red', 'narrow', 193),
(9, 9, 'blue', 'narrow', 169),
(10, 7, 'blue', 'narrow', 125),
(11, 13, 'black', 'narrow', 37),
(12, 13, 'orange', 'wide', 172),
(13, 7, 'white', 'medium', 115),
(14, 10, 'white', 'wide', 73),
(15, 7, 'pink', 'wide', 87),
(16, 11, 'purple', 'narrow', 79),
(17, 15, 'yellow', 'narrow', 85),
(18, 7, 'black', 'wide', 73),
(19, 9, 'red', 'medium', 57),
(20, 12, 'white', 'wide', 199),
(21, 10, 'purple', 'wide', 63),
(22, 9, 'grey', 'wide', 178),
(23, 15, 'orange', 'wide', 7),
(24, 14, 'red', 'medium', 91),
(25, 11, 'grey', 'wide', 67),
(26, 10, 'purple', 'wide', 107),
(27, 10, 'red', 'wide', 56),
(28, 12, 'yellow', 'wide', 121),
(29, 13, 'red', 'medium', 156),
(30, 9, 'red', 'medium', 153),
(31, 11, 'orange', 'narrow', 179),
(32, 13, 'red', 'narrow', 126),
(33, 15, 'yellow', 'wide', 47),
(34, 14, 'grey', 'wide', 56),
(35, 15, 'pink', 'wide', 127),
(36, 8, 'yellow', 'wide', 43),
(37, 6, 'blue', 'narrow', 50),
(38, 15, 'yellow', 'narrow', 22),
(39, 12, 'green', 'medium', 182),
(40, 8, 'purple', 'medium', 21),
(41, 9, 'grey', 'wide', 28),
(42, 9, 'grey', 'narrow', 134),
(43, 8, 'purple', 'wide', 197),
(44, 14, 'blue', 'narrow', 16),
(45, 7, 'yellow', 'wide', 142),
(46, 12, 'red', 'narrow', 56),
(47, 8, 'white', 'medium', 133),
(48, 15, 'purple', 'wide', 149),
(49, 13, 'blue', 'wide', 172),
(50, 11, 'red', 'wide', 125),
(51, 15, 'green', 'wide', 178),
(52, 10, 'white', 'medium', 154),
(53, 8, 'orange', 'medium', 90),
(54, 7, 'purple', 'narrow', 102),
(55, 11, 'purple', 'wide', 141),
(56, 8, 'pink', 'medium', 147),
(57, 14, 'grey', 'medium', 129),
(58, 6, 'purple', 'medium', 56),
(59, 12, 'black', 'medium', 90),
(60, 14, 'yellow', 'wide', 145),
(61, 14, 'blue', 'narrow', 26),
(62, 13, 'yellow', 'medium', 55),
(63, 11, 'orange', 'wide', 195),
(64, 11, 'pink', 'narrow', 81),
(65, 6, 'yellow', 'wide', 43),
(66, 8, 'white', 'medium', 92),
(67, 9, 'red', 'medium', 147),
(68, 13, 'green', 'wide', 96),
(69, 11, 'grey', 'medium', 177),
(70, 7, 'pink', 'narrow', 132),
(71, 8, 'pink', 'narrow', 133),
(72, 15, 'white', 'wide', 57),
(73, 15, 'yellow', 'wide', 199),
(74, 12, 'yellow', 'wide', 113),
(75, 10, 'white', 'medium', 129),
(76, 14, 'white', 'medium', 135),
(77, 14, 'black', 'medium', 68),
(78, 10, 'blue', 'wide', 127),
(79, 11, 'red', 'narrow', 67),
(80, 12, 'blue', 'wide', 183),
(81, 13, 'red', 'wide', 138),
(82, 9, 'pink', 'wide', 108),
(83, 10, 'purple', 'medium', 168),
(84, 11, 'white', 'wide', 54),
(85, 7, 'purple', 'narrow', 19),
(86, 12, 'purple', 'narrow', 148),
(87, 14, 'orange', 'medium', 55),
(88, 9, 'red', 'wide', 98),
(89, 12, 'purple', 'medium', 171),
(90, 9, 'orange', 'wide', 194),
(91, 13, 'red', 'narrow', 148),
(92, 14, 'orange', 'narrow', 63),
(93, 8, 'red', 'medium', 147),
(94, 7, 'yellow', 'medium', 137),
(95, 10, 'purple', 'wide', 3),
(96, 14, 'grey', 'wide', 199),
(97, 13, 'grey', 'narrow', 106),
(98, 11, 'orange', 'narrow', 73),
(99, 13, 'yellow', 'wide', 109),
(100, 9, 'green', 'wide', 7);

